square_feet,bedrooms,bathrooms,age,distance_to_city,price
1930.8678494144076,3,3,32,1.6902939922558355,465596.5795296097
1765.262807032524,5,2,25,18.461861677175133,381757.66045847227
2271.2800217929826,3,3,10,1.3217138537312954,550785.866679795
1767.1351232148716,2,3,9,1.9893830383155682,442920.03184920014
2120.981135783017,1,1,41,0.5986527170030216,364719.4946724567
1137.5410837434836,2,2,2,5.054458292639605,307034.9374424883
1493.5844398327881,4,3,30,2.8091146125685023,444837.08957295725
2157.123666297637,2,1,10,1.6931767364350636,428256.9011281988
1545.9879622393946,2,1,44,6.674102220721653,279501.9703165435
2732.824384460777,5,1,44,22.67819501339773,478661.0357972893
2033.764102343962,2,1,5,2.192643154473778,426472.14768674737
1287.6259068932716,3,3,40,3.287936638526566,360893.26969164924
1727.8086377374086,3,1,31,3.4971700541264674,374667.98806213494
1699.6806550405975,1,3,15,13.96145181457003,350339.1314025987
1854.1531251033616,1,1,24,8.176173452442143,312823.4701809531
2926.139092254469,5,3,6,3.998601050856734,683028.803236077
1993.2513876310331,5,3,38,8.74028904572959,490079.7443057201
2411.2724560515944,5,3,44,2.5414671798830817,587263.1570119611
1389.5781750144888,3,2,10,1.9056653427178594,383819.3773837138
2104.431797502378,1,3,5,3.1498041357705997,483012.1744229021
1020.1649380601123,1,1,22,1.6814185856311028,237044.69118488114
2098.4306179345617,2,1,45,1.87597426110966,391148.8068750127
2369.2332899977055,2,1,5,0.5159506860086345,478847.731352219
2085.6841405949854,4,1,37,3.7413671202917165,430160.8412412266
1260.7390048162863,2,1,19,1.2383941559485625,310893.4900544315
1640.0778958026458,2,1,24,3.1213739138816177,350250.5007064668
1769.6806145201062,4,2,14,2.839193173025821,440729.2364938088
2171.8091447842307,5,3,28,6.725275622860965,527209.7954878815
1118.479922318633,4,2,7,2.7784027780636835,375152.82773315284
1807.4588597918419,3,3,48,1.902414765694937,450078.0199420678
2515.4997612479756,2,3,49,0.06452278144436407,519507.9873481157
1580.3912383886807,2,1,4,3.2422686584919305,342653.5654514163
1845.3938120743928,3,3,38,0.7013769175005466,449142.8939984374
2165.631715701782,1,3,17,1.3430975135715875,481999.9942196879
1760.412881077355,1,3,36,9.812844846287538,383563.44673934445
1446.8325129969858,1,3,30,3.291074694399528,360855.6209993967
2406.262911197099,5,3,14,18.49354508865844,539067.0879884707
2678.1200142854113,2,2,41,16.87332897110837,443199.7138290922
1963.994939209833,2,2,47,1.2120717671570604,413335.7995954856
2501.766448946012,1,3,43,8.332808389512326,475551.81804787484
2180.818012523817,2,3,17,1.0985140508381348,504301.7493135765
1677.4401226974378,1,2,22,1.2010510454636378,367896.9377610664
2769.0182832329847,4,3,15,2.595978599019197,649985.1215251212
1982.0869804450242,1,3,37,13.40785011432452,363454.22447914246
690.1274479551278,4,2,33,3.5823414886985967,290219.51930708915
2043.5235341190855,1,1,1,11.722958761403834,369341.46709198627
2045.8803882677512,3,1,12,2.283563334258999,446421.05542258004
1890.164056081244,1,3,15,0.8681663560918025,458555.802114017
2178.5562857558734,3,2,4,17.21356246380777,413738.77594303497
2738.947022370758,2,3,27,12.31079644343585,515171.10976412665
1740.8648908631762,4,3,38,0.9133091476075816,485624.90703730826
1595.7531985534063,4,3,44,0.6457362922081377,444583.77963989234
2457.701058851037,2,1,23,12.008915625571179,409058.092454869
2048.5387746740203,1,2,26,4.569106968672832,403228.61552340357
2484.3224952664445,4,3,25,0.3721919846375493,600253.612917489
1648.9734530613239,3,3,6,1.285820059351419,470333.88482011796
1836.1689267011159,5,1,41,13.403906033051406,386270.2858654238
1803.9459234339213,1,1,46,11.952171773750187,283543.9157294816
1268.2425259339407,2,2,37,7.600057938611066,295125.57309511467
2148.060138532288,2,1,4,0.09795960013547654,446908.2974789486
2002.5567283212304,1,1,27,4.943752521816599,365748.5494774908
1882.7064333124265,4,1,33,1.6092300980850547,421501.8608639068
1828.6427417366153,2,2,25,0.37311515557303004,424663.43283459474
1919.3571441669953,5,2,30,15.822726396433058,430373.69627706025
2202.0254284072694,3,3,18,0.40449096710755905,538128.4504618017
2128.775195361382,1,2,38,2.494807050890638,428653.2771109277
1962.7770421169164,4,2,3,0.990128426000182,518933.0196997711
1040.6143923504792,3,3,2,4.3146041869665455,374922.85120858846
1986.7430622753916,1,2,28,15.847970960885409,349069.72540386545
2030.1151049705131,4,1,10,3.496556702805214,464718.46963971434
1903.8195176094387,1,1,37,4.837937677094687,342423.0437132211
2150.7736711668063,5,3,10,2.0792668571670765,588963.1541722629
2571.4114072575103,3,3,20,1.0711644034926406,590032.6040031604
2375.966516343387,4,1,38,1.0604346500803508,490226.94807160227
2395.5159735215234,5,2,30,7.321586132536629,549606.3225552333
1545.3062726026305,2,1,37,1.543422764910269,322587.2853954119
2701.3971554680497,1,2,45,7.288595095576512,487637.9216275235
2293.428546900135,4,3,26,1.9407275748193697,558181.972247991
1504.7318374346557,3,2,10,14.340729435735742,349482.918813998
1716.851135198614,2,2,46,13.421528585840283,318099.670776792
1748.2621729419004,4,2,0,2.217541096230726,460768.023898406
1224.6682844669335,1,1,34,0.8090628860210618,244997.96152660646
1468.8481431369476,1,2,30,3.0863275966374353,307330.35572008335
2236.796215317591,5,2,27,11.551078785540035,490864.7379438607
2774.96720250877,5,1,0,2.4190313730556987,605101.4124140901
1838.9692418971622,4,2,42,11.328192951516181,408478.5006731032
2406.758608684835,2,1,37,8.21776142717993,403450.1191001484
1196.2583827193862,1,3,17,1.304981846255432,342973.3038274259
2092.3169292661523,4,3,43,1.113041072512288,516469.8119469857
2129.9413971242116,5,1,9,0.19258423892073118,523772.84293709276
1339.7716934578618,2,2,1,0.26883532888359096,363508.28418719035
2260.970782808449,1,3,33,1.313187027267884,479691.78122037207
2148.492336616593,4,1,37,8.095268805275634,428942.008968802
2125.2464251729384,2,2,30,9.535487362639362,399396.87643957906
2173.2241047484877,3,3,9,3.299202732598623,519866.16403138376
2116.1268485805017,4,1,11,19.050422729556725,399842.1612806648
2146.5362366493405,4,2,35,1.1192481250533612,511056.54103417374
1642.824290986816,5,1,20,1.2126467556732954,433350.9433722548
2236.9164604558937,1,2,46,0.9482858936821208,413897.18962016364
1512.6591648863393,4,3,48,4.7770791761624585,428004.1899196105
2393.542301871226,3,1,2,2.6546871574718143,510085.6923691965
1589.6588408241448,5,2,4,0.24839001140343264,483710.9918817426
2481.6880646221607,1,3,45,1.1803599346176699,494799.362672949
2948.396491326974,5,1,44,0.20180585026108794,598599.574429907
1877.3059419985648,4,2,25,2.5795154440723813,460157.59586570517
1555.2427851872383,2,3,43,5.9878094312881895,380137.2615797192
1592.0948575172808,5,2,25,5.082488064474814,414235.4047949851
1961.4491452929478,5,2,7,1.9324554756851975,533662.2834249696
2138.3453996650096,1,3,14,2.785329115474062,460186.4929048387
2726.7670385786587,3,1,15,3.223412642272689,549453.7758541215
1867.671583381022,1,1,36,1.9081997803880997,351985.2668927514
3360.0845832948094,3,3,2,7.268672289333832,714643.2340351986
2312.8336738825033,1,1,46,3.4452637965942507,398845.3206357979
1571.4212217918587,4,3,30,1.8555649638479457,449993.99400988227
1464.5537509694439,4,2,12,8.355708739216109,389063.32629859966
2241.2362076215927,5,3,15,10.09275399054457,562175.6632182488
1888.2686073370746,3,3,42,5.589100408782959,436115.70728260296
2357.000247046046,1,3,20,0.24051521909374485,506342.70139325946
2236.6188122867725,4,2,1,4.177274926386391,530760.5151706159
1963.5855436715635,2,1,26,7.204701335588679,348128.32236169174
1242.5763876570677,2,1,25,1.2981997778458232,272521.70907354506
1776.7425239664894,1,3,37,10.706376436355258,356468.24314929725
2428.199397161736,4,3,45,0.10163460502122276,581692.2043279024
2107.046872065102,4,3,24,6.986314234669494,507732.7941309556
1377.130610644006,1,3,10,3.210115781375869,375967.47710267844
2086.590462925591,4,3,7,2.9599267649035395,532735.7827518154
2192.658689864418,2,1,7,0.035609163241203536,467693.8505629315
1558.0712818994334,4,1,32,8.557304213671697,350143.0801036381
2076.8625529727638,3,3,6,2.2300677364636377,508572.09911494394
2029.1043592229998,5,2,37,3.890972960243622,517880.80457371235
1428.5148510846884,2,2,20,5.655171533900455,335414.1912585009
2280.3922631841174,1,1,20,15.615562696167357,341019.88428858976
2541.5256215876384,2,2,19,3.7893881017541124,511255.24450561707
2526.9010260174514,5,2,7,2.5517915896387655,603102.6094604488
1311.1653160214546,5,2,45,15.363458234562007,320803.00786388654
2257.51763360433,1,2,49,1.7701804031342938,431609.5890689467
2257.523843153024,4,2,47,9.243379608256195,447588.08923493617
3926.365745327361,1,2,8,2.248508400170427,713336.5020678096
2285.4452553465835,4,1,14,5.400960749969443,465004.3712996746
2567.7828200902995,3,3,29,3.182099369955958,573515.6234898276
2477.0008817466014,5,3,25,1.1090333504103953,611984.309855755
1842.3653776798271,5,1,28,0.3130116848326052,468894.1239295196
2379.4846102466336,4,3,15,2.6665701816883876,574850.6051849974
1613.587392731214,3,2,35,3.9550674587320027,392038.3511296936
1881.5906966299956,1,2,19,2.8639215919847953,389926.90307406103
1757.3182260854483,3,3,44,6.9049855866337095,431222.0583897838
2040.9370696931612,1,2,36,8.799122932707446,367781.4052917937
3157.329283336754,1,1,21,7.375476489171357,517979.95346408023
1193.642064405174,4,2,40,3.8459043591383146,332065.9203756049
1764.0340671052832,3,3,39,13.653169554078682,382937.72268808045
2544.475298483683,5,1,28,9.007739350042165,518221.71262243326
1461.127611035347,5,3,37,1.8063430631997812,435321.9096905107
2108.2292947909873,5,1,30,0.15780489706512146,507510.9674749448
2022.7859199519069,4,2,13,14.678164780006481,436342.2448733659
2316.9595111590056,4,1,26,0.4353062753608371,505282.2074237842
2093.227157384714,1,2,12,4.334374233494412,430066.57449600805
2426.216667398112,4,3,28,12.128109436059853,524662.1997019731
1603.7396307836498,2,1,48,2.1203365730798813,312095.73562345473
1942.6317792665504,3,2,42,4.857792611879789,432569.3677027513
2432.8775970850606,1,3,27,1.0337220774773361,516407.01980791084
1832.7493820795257,3,1,22,7.2786157023972855,361036.2796356428
1762.5273444195218,2,3,28,2.158860806610639,433437.7925900201
1673.335383713144,4,2,4,2.364524190619923,459559.9942582523
2882.7271201405483,2,1,41,3.8130697525263852,512775.0796337433
2202.490855480478,1,3,6,0.0012051686571531689,479940.7443293454
2458.9309735273882,1,3,35,1.1674330882286579,501206.9458064678
3061.0780985063166,2,1,40,1.441631044313937,553277.7602797687
2516.2326302755737,3,2,26,8.197059449480866,512275.8709770792
2633.455574593311,3,3,24,3.508553321660842,579924.6648879795
2221.909714073114,5,2,26,1.3810717531501155,556137.5522675228
2387.3170267146684,4,2,0,0.4089591643018043,568913.5647987348
1536.5347642109587,4,1,22,2.2034261113261393,374592.0644961797
1970.2373219690999,3,2,9,6.884727482585706,443399.1889570542
379.3663299654638,3,1,41,4.000217093010911,158411.52580667697
1487.8061793328552,1,3,24,8.485703175586345,336214.8744818992
1873.7159243034198,1,3,2,16.043655733968034,383887.53419773566
1284.9293110196836,1,3,1,3.399591230756449,353672.953416303
1779.9777566515081,1,2,17,0.20446981027983607,411456.37684978766
2065.3702886430456,2,1,22,20.777477359494153,317869.79187452083
1282.0689244102803,1,1,11,0.8257189979727688,287536.88797833474
2581.58187607748,2,2,21,5.4936943143382795,504313.671479311
2005.1165305097936,5,2,36,1.6723891575178849,499132.874187063
2231.0517371316355,4,2,38,4.418729386935728,500124.4925463514
2099.529847786735,1,2,23,2.950515116074949,434838.8968774659
2034.9010424950095,1,3,19,1.5391998328157275,469473.71909790573
2793.008408072676,5,3,0,7.661732790278647,663539.0495311307
1381.0922505865756,2,3,44,2.5110416548875736,352302.145881036
3066.5166873281332,5,2,29,5.192954925421331,656734.9063774811
2294.1586032422883,2,3,2,2.4149078493189875,541376.1247633102
1688.6502400897032,3,1,10,0.10275405317682842,422326.8076633656
1753.4995326705837,4,1,21,3.3382017593608566,391680.61419914
1705.3176215278943,5,2,43,10.52902893036848,406608.7533355756
2424.8010485105124,3,1,44,3.745997325528037,461298.22940266575
2178.5077429825237,4,3,25,13.287057467988452,489586.5181139498
1653.545202369673,1,1,12,3.306274898357599,338630.59233836405
2153.649760438305,3,1,23,0.6377283627944628,459602.65755755117
2406.43105941948,5,3,9,8.114040586824077,595540.9871845089
1719.9094799015152,4,3,27,12.085729023171723,411932.41713388346
2373.646802561631,4,2,35,14.350797120424906,470579.41216229106
2305.1851327167324,1,3,15,3.6722473801883915,493015.4962140257
1989.549203017926,4,3,39,5.651966766440407,493663.9392154684
2638.8324478942122,4,3,16,0.7021448812041351,615252.6024726287
1704.214305582085,3,3,14,4.593432935692051,450109.5294016972
2273.548690585019,2,3,15,0.17449939386423968,532750.3129323414
1891.15939838639,4,2,33,0.8411624667806249,454766.37590732
2010.5019208163794,3,3,3,0.38671903147481557,522892.9185794441
2340.976485647482,2,2,42,3.502790480793469,461761.52479156497
2162.0831762442212,4,1,34,4.266288299186439,448533.5040930588
1934.9284728161576,4,3,12,5.072338503562277,522203.0222436124
2048.497982496359,3,3,9,4.067647092308345,497670.1391670818
2297.5785127184568,5,3,10,6.7026965718541165,565102.9048924531
3046.19363784273,5,3,33,7.24311724577362,646761.1790009693
1392.9056936061338,1,1,40,3.310030661636592,291103.6842851502
2579.055436750034,3,3,41,5.222071398727679,549637.0214019897
2395.831346981468,3,1,49,0.09264495197656998,459587.7188191493
2312.0599085260774,5,3,22,5.3064990148316316,577747.784338122
2314.17275463214,2,1,6,4.819338243201274,451561.2792510104
1993.8766135765427,2,3,38,1.8542106800551967,458290.23793368164
1551.3728142570842,5,1,2,0.4484983081338705,444563.75216408994
2037.9022790968631,2,2,11,0.47669587564515237,452730.2686620521
2487.5598667088757,1,1,48,5.84430454680607,408170.28534879274
1926.4713092489308,3,1,25,0.6796863579916186,427267.0029639895
1839.3070791735033,3,3,36,4.488363072075941,459303.53434250574
2206.4657271378123,4,3,47,9.02640350507553,491470.0474886015
1718.1377235980126,2,2,14,0.22321375867669724,415161.2169917298
1588.8898022167843,5,2,1,1.3500826974746392,466987.9106878711
2121.843605745956,4,1,40,11.024978031892852,398968.5864750849
2122.4832855543614,1,2,6,0.04603906136992443,463481.58235124685
1764.4808471908386,2,1,3,15.973865220358123,308937.9564441777
2116.0249686788184,4,1,19,4.751847442655944,453719.9353461695
1275.957829251338,5,2,49,1.5168312542013225,386247.8041330027
1296.2681128117224,4,3,35,0.3467026652631939,406912.42951697716
1893.2764241440764,2,1,27,1.4034997192832,385112.39056253847
2155.4537827990025,3,1,12,10.663613298249892,400338.6714049275
2428.8298116010096,2,1,34,6.370784946546824,436568.1129521761
1920.0307350182864,4,1,47,12.52259064202468,356602.6378344219
1990.743432003805,5,2,24,3.6399140920355544,508036.44283009344
2259.673257120586,3,3,4,5.897584839923132,530079.9552760544
2766.369456501289,4,2,21,4.2419633927642515,615335.1852126683
1945.6199257715712,5,3,23,11.900743100649077,507611.17361264233
1799.389764057082,4,1,36,10.578979882775673,378534.50126337964
2112.0462409052084,1,2,35,2.6383652970326654,412259.7594066258
2006.2962003908974,3,2,35,3.2888511272213665,438451.79471856024
2048.838049274416,2,1,3,0.36533083946197065,445549.6594791621
1613.4951080722667,3,3,35,1.6296455393613432,429598.5681395908
2248.999145622725,1,2,49,14.513254582735076,353098.8519285025
2479.6354130426034,1,3,40,3.0889810195007477,498675.59205643705
3076.5912287557785,3,1,17,5.563116280790813,585009.0051220262
1616.3262185559752,4,3,21,0.8847801196704153,469945.05214948585
2436.1603183603393,4,3,1,3.3319652974698677,615995.6447533526
2091.671002869176,5,3,20,6.707351485804724,533729.8888271691
3094.901466608836,3,1,35,10.081590595124974,529112.0383136355
1595.8508573224242,3,1,43,4.920964848677237,331153.5239423034
1580.139078909612,1,2,38,5.528992971855141,315615.10967333673
1700.303677277989,3,1,46,0.6749964763879689,372763.0037615801
938.0521378450965,2,2,38,14.573204171928598,192703.36303899772
1620.433669223151,2,2,25,7.451011598621776,368927.90972613153
2075.1968932381037,5,2,20,1.5381745432363305,528228.0927969853
2170.87798788858,4,3,16,13.559774851595837,508344.3165394512
2938.085419607943,5,2,15,6.364105920002366,629160.5422682572
2475.2119190930252,4,1,30,7.00833382657077,501144.33704437764
1550.792664325821,3,1,30,2.9263090648417496,355940.75833982485
1339.883396489679,4,2,48,7.3478063659365915,309030.9215842358
1765.4121739476477,1,2,47,11.046415120229458,298568.7233663548
1143.4327354545612,2,2,45,1.57594190058049,289761.22122868814
1942.730077373691,5,3,32,3.652417151765074,513551.65413353493
2618.908155986731,4,1,34,3.097685418989651,518594.840826695
1202.7861706028166,4,2,38,1.887553294342793,346389.3343046511
2023.490296882371,3,3,1,2.6460759417120263,514549.8954870728
1774.9672642603782,1,1,40,4.9607210385481215,307234.6929069917
2311.4249661737495,1,2,18,6.008425800823276,446794.19637533143
1466.1897853087028,5,3,36,6.208750959472738,437087.37669812754
2257.2194170293747,1,3,3,3.0647837860465144,513489.8507494186
2355.807439044445,2,3,11,1.5218770485545774,530088.1179328628
1437.6789540810655,5,3,28,1.3838063272071475,451776.65340763435
2638.8384109492545,5,1,13,10.89438884625498,531390.016401153
1625.756731721723,5,2,34,6.925989747664887,402303.4781021181
2057.8373171464295,3,2,16,3.231859053640961,485694.3526067333
2589.6485920319133,5,1,41,23.949156622993833,429151.367093029
2033.7592407050545,3,1,31,7.357906372002525,408727.9799884898
3030.3739624409936,4,1,9,1.1819576504639686,627919.4427925292
1875.5179257604632,3,3,16,1.330416822487637,494527.8303713891
2684.3157787661744,4,3,41,7.375077418978073,582028.3598568164
2343.0257299992195,5,3,48,12.76956805968356,526123.879580102
2529.212243424794,5,2,32,4.489408399845018,580788.0679873532
1408.3707436671125,2,3,35,3.4851292723075327,351158.54835702636
980.3839111199497,4,1,17,4.645249594014763,287468.4350208652
2358.7711278979814,4,3,28,3.3316016552365966,570831.1857154587
2751.178526048014,5,1,49,3.5153088815610394,577924.5170080222
2814.307772785646,1,1,24,8.376096809894397,468493.0000661284
1309.9492708925543,3,1,14,3.9018145642272857,325759.6772009674
1148.3087803224225,4,2,5,0.7025202931786678,383396.76483606815
966.2789499800617,2,3,28,2.3023875945686147,304906.42383612716
1955.4399802436058,3,2,3,0.7281174616908805,485470.0439325247
2334.836274415019,1,2,49,0.597349202650104,434859.3302263415
2183.299123048424,3,3,48,13.589549632631625,437390.02157289325
1530.0601068363223,3,2,43,1.0141294705686756,367062.0520353865
1743.0665413316533,5,2,38,1.4568835123388642,453602.3265455663
1470.3932390555242,4,3,15,2.6097406413468907,435649.7280196515
1507.1369768322281,2,3,2,3.0469429625011175,405403.07249980926
2252.023257758922,4,3,49,0.9362781064946929,540286.9554796718
1734.8711908137795,3,2,41,1.5544798468944299,401826.19034498854
1603.563583868828,2,1,37,3.5577105245876957,331604.90579863504
1723.1753473264089,5,1,17,4.170643356748471,433442.9911030387
1401.061053705576,4,1,19,6.271110699531276,342675.23937148415
1650.1372460037073,5,3,37,14.600862742053213,410518.67583350977
2106.989955367111,1,3,12,1.4033045399007469,483145.0347993823
1943.8359751545852,1,3,3,0.7053144543853471,474808.8300526276
2378.7538550236527,4,3,27,17.887312013985866,502415.93667911977
1734.7494261947363,5,2,36,9.806513329216212,436096.6889828011
1712.09087967766,1,1,7,0.5827686391672406,352576.4844970962
1862.474151424178,2,3,43,14.727857917283345,355887.31787100766
1242.4044689007237,5,3,43,0.046769512109741465,425050.64126361994
2822.4838567506417,3,1,4,0.2358205753168367,574569.3901167278
3539.440404227619,4,3,41,4.748854457555839,725448.1587858225
2559.787455717288,3,3,31,10.155203773885003,537803.0465646619
1936.0412042596167,4,1,32,5.4220911600889545,421568.7063287486
1522.229779699787,1,2,2,2.8462377228696467,360760.60545736685
1196.7768398712137,5,3,29,8.55812439205886,396307.7848491233
2101.7318179336116,5,3,49,11.800125015535235,490901.06428144814
1288.873145201163,2,2,28,3.795718914804157,309020.26225335174
1459.2259981928025,1,2,25,0.2410229671012376,340572.3347269373
2440.819878474725,3,2,8,9.930512970451453,506365.89363960916
1996.0136793416914,1,3,25,0.889074561804636,454001.835025112
2739.972069445013,3,1,1,8.367580234466766,535832.5982879073
2038.684153823809,4,1,2,9.600091936018439,452618.4086377752
2761.5620386348287,5,1,3,1.5413636566016353,601481.1285897815
2269.455021842329,1,3,24,11.71459151358534,434666.4286705222
1481.3769228367719,3,1,12,1.9331879770000195,360946.47330243565
1562.1908733076214,2,1,43,0.25913808467938365,337824.38498138374
1308.600134517832,3,1,34,0.22436494557164627,322479.6851051878
2463.088773765821,2,1,22,6.371497337663681,454118.5954283942
2954.708320235065,1,3,8,2.9392531365384693,613088.2945230542
1300.7162130904294,1,1,1,1.4805364951589688,290900.29717795434
2281.4846183452855,3,2,40,1.056158252895623,497229.5900116734
1756.437308117652,1,1,30,0.0020081233286492477,341759.871084185
1703.8030378805654,1,1,43,8.19668146844936,274474.1309588684
1568.004615160092,4,2,46,0.4128314794306878,422478.95243437577
2024.2608139724134,4,1,1,1.0628087757977691,478866.2241750681
1584.524941794481,1,2,31,2.440727168001427,345918.10004771804
2135.2284128899196,3,2,17,3.3165706205806593,464430.1007389357
2377.695612912878,1,1,43,0.11855936462175007,426746.076374752
1511.2223776007245,4,2,42,10.397555710268238,336453.82647288486
2375.6935616858946,1,3,33,0.4966511431773256,492473.5725353686
1165.2973594393143,2,2,36,7.10204391704597,273100.90944865736
2271.6800961899676,3,2,29,4.657197383686015,481182.7224228384
1618.3704217287416,5,1,2,0.7570165104476356,436523.2582536393
1097.5589496677405,1,3,12,4.871577848752243,317756.0717984819
1186.2287810584187,1,1,2,1.164857447497231,263583.5855191968
2024.0424733306909,2,3,25,3.506603260274637,471045.30268109497
1547.8416874477957,1,1,5,1.6669353351712122,318055.803154096
1394.4919001187718,4,2,11,0.4060170148164949,403037.1140094558
2023.699335658207,5,1,35,3.394065489390087,453070.0142911979
1569.7933173580238,3,1,1,0.8760148658408212,385934.6694472088
1807.7222278850872,1,1,10,19.144263705883088,278144.6798878673
2720.78431032895,3,1,35,2.8133710460778256,544770.7431101456
764.1777499363554,2,3,39,1.6058842778425977,273437.0208054386
1898.4773069785037,2,1,21,12.251221590268987,351357.66690653085
2185.5729366856544,1,2,29,8.94863184348146,406242.8766632975
1922.1613823039602,4,1,29,0.15855541943907828,441187.3676323992
2583.8910308299037,3,2,7,17.035908805984924,486185.0903909956
1756.1968879637532,5,3,19,0.3435646611920901,512984.6413419439
1789.5077595898686,5,1,18,5.3197084495687275,440823.6256697176
2144.8874284482063,3,1,4,2.923580269643063,457433.8927475214
2435.562351715846,1,2,14,1.4118128327677213,483696.1714371278
2600.6069610819723,3,2,18,3.2923396731341996,539751.0208633944
1795.9623134892242,5,2,22,6.067867789618473,451446.49560202414
980.9377324110731,1,1,26,0.3521672142326575,248827.66687775523
1495.9568445412979,5,3,39,1.0770497270611856,452081.3278260692
1064.6040394870722,3,3,31,1.207586727485776,349677.0230615202
1824.2432579793456,5,3,25,6.699931704931812,491754.0896956789
2163.463686882081,4,2,49,1.2119110440498688,498193.6535416048
1890.449735595568,3,1,41,9.888937636116724,350304.5255298078
2414.702790591745,3,2,28,14.252574412672836,446552.9394342146
2385.4325969434835,4,3,32,1.3332426819546541,590087.2379538405
2571.8770216034645,4,3,36,1.5632908134402712,598765.02234132
2169.2482037472073,2,1,18,5.309990905711034,433510.18832196406
1792.3560430495993,3,1,32,3.8137397336287093,374530.67595899577
2316.3909330531424,1,1,46,14.415704861035737,337303.02176341653
2090.9331275292475,3,1,22,5.9186184151249215,416899.62546810345
1770.319550229878,3,3,25,3.5931067056201,449470.6733626461
2035.7831186096962,4,1,4,6.13181675672958,458017.00286554755
1761.1712766174417,1,3,41,14.120673332059962,340020.3376067104
2239.489912873196,1,2,27,1.997325303357313,441501.79211974854
2166.8310526434743,4,3,4,0.21558390150205692,567815.2930614633
2518.7699721289496,5,2,48,3.4288237444564706,552120.4069525921
1744.9918005726265,3,1,25,3.9313733744221677,377108.3273902763
1510.6181421088463,3,2,21,7.145270456607442,360258.3007123646
1777.8533699619443,4,1,14,20.97495053472576,328049.1331342292
2188.650246522426,1,2,12,14.573040017219611,408002.32122863864
2206.7174516118503,5,3,32,3.889289604674973,566501.1452043831
1110.6398755478608,1,1,29,3.3986627325045733,232495.18739714907
2748.0221557445916,3,3,25,4.327154079823671,588423.1861107326
2139.98431315991,2,1,38,5.60715762387781,406034.34962576965
3222.875989808413,1,1,25,0.5240046178525403,567812.1489437838
2054.6973973024465,4,1,0,0.6446281472055322,479137.6501707944
2362.883311949346,3,2,48,0.40983519737289864,503699.1979255118
2111.9420121395656,4,3,1,2.577394953237353,555625.9936165109
1604.762772277344,5,2,48,4.443502706069714,393583.1894143342
2941.012248237517,2,3,45,2.819225393868956,596132.5502422694
1744.3921617844073,2,1,41,4.117990470082657,339225.26276441215
1505.1975898707096,5,3,23,5.814743926123981,453032.5035103019
1937.1065399501758,2,1,17,1.9683122763645629,391440.3692839184
2027.8624561443473,1,2,26,0.4976594246574393,430049.2023154371
2547.0957592354744,2,2,40,18.621675778110504,415240.3218367959
1153.7676851425904,2,3,7,1.686175885613864,348953.7364233929
1493.9478123699164,5,1,28,8.310479912661584,365350.1254921377
2411.585291980957,2,2,13,1.6301549922868166,505714.24091881036
2036.658983594202,4,3,21,0.3179374557764026,528000.1971250344
1355.019550129473,1,1,5,0.8866606165694457,299845.34996713547
1832.107650354936,3,2,38,5.792197211712292,396075.03773673467
1870.2043243181977,4,1,34,0.3392574277843581,435452.16667819297
1248.428523440947,3,2,13,5.865849163258492,339567.2569489172
1877.1284679570279,3,3,21,4.247925841036066,476651.93854338716
1863.6382151261648,2,2,22,2.5919333869398975,427013.3913348392
651.5566785292142,2,3,47,2.2597298661834575,254182.0042868619
2348.103182406709,2,2,49,17.645385781562084,375954.1883866232
2924.4780474726726,4,3,24,0.9661961666467987,671656.5936636275
2563.2825147738786,2,2,12,4.545540693024558,535237.3778844636
1446.7370456291649,3,2,40,2.9591727283436375,374875.1961240061
2029.609217007244,5,3,8,8.718701601398674,522216.49701469333
2006.964645956473,4,2,14,3.320424101289092,498320.118000703
1927.8197940380287,4,2,12,1.003294101183558,492013.9842419977
1713.1689965598819,4,3,33,0.4491333439608453,468734.4764313228
1726.570529379804,3,2,33,6.260900658074956,387713.5986991381
1983.6233648920008,4,1,34,1.0922372370056546,428964.2637369201
1643.5771086614177,2,1,2,2.474568184908619,376121.22602354
2053.2151138459485,5,3,41,2.6873437787020995,541585.0793524524
1872.5113912895724,2,3,5,3.166637906073686,468387.27070418943
2751.9964942913443,3,3,47,2.2920238492397984,568485.9452988353
674.515095803494,3,2,48,0.5302480830700874,242224.6510564899
963.3048837959252,1,2,17,5.47984494834845,239719.6517810859
1828.6562029598256,1,3,38,1.685932608990672,397867.5890847343
1814.2795670021042,3,2,8,3.081881033331773,444006.9921344192
1296.2441526410894,4,3,11,1.0749297510917195,427165.30145338277
1444.7120772670855,4,1,2,0.11658412518501277,392355.3067520374
2876.1352217118115,2,3,10,11.352843163810816,556767.3169628762
2467.8391965737305,5,2,29,1.1830862329469547,560429.2557224211
1737.7398668601131,2,2,26,5.098028970901515,390125.19020282925
1388.9360955540274,2,3,28,0.720520731939603,381477.88653440046
2356.499215086194,5,1,17,5.174762234954642,533168.3276536717
1879.8373009209324,3,1,11,2.0750068236564307,426703.39775058377
1812.5895962252011,3,3,12,6.154114084967971,451538.2733843502
2355.4799841017457,5,3,40,4.07572380226058,563370.7807852706
1819.51691709046,4,2,36,5.260952498565512,434273.84112426086
2579.664901682124,2,1,44,0.6180392868491115,476423.1411900316
2163.066511121059,1,1,21,10.252661055974094,375524.94855169323
1374.4432118073487,5,2,35,34.083633821627835,239661.15174805326
1738.6384897404803,1,1,28,1.2757975571273201,345575.5983209904
2524.5046129184448,4,2,34,1.4859428443305536,559592.389780208
1647.8281547286203,3,3,47,3.264394486785307,412665.1189655134
2303.00497567282,4,3,41,2.296667531333026,540146.0253858225
1359.7853237518584,1,2,40,2.3375903332502093,300095.4327146472
2877.3970909921823,5,2,42,2.4187646959198132,615779.914467537
959.035296058139,2,3,15,9.058388953333058,280294.71459131624
2848.228184145019,1,3,9,5.260385050601846,566060.1964959967
1727.540456595525,3,2,1,8.516111147688294,412719.37331458414
2551.650941008261,4,1,1,3.594888674690548,545166.318272381
2057.1138243310197,3,2,37,2.539567963098382,467732.85396682506
2075.1508807309388,5,3,30,3.4374886511694163,534136.9305622346
1971.5271881394663,4,3,25,0.06423802341811205,539179.1026912107
2153.9008844460295,4,3,28,10.261150041501146,486685.1986461106
1144.9158036716872,5,2,2,2.959631836093573,403568.246408678
2371.6320470113574,1,3,24,0.7439246391498682,503376.83692422806
2085.432719063971,3,1,47,2.894321310163358,403945.5839783684
1908.0083318236605,2,1,0,3.429098176408933,397314.3811576181
2009.2169665326967,3,1,2,2.5846099653799737,471531.9207973002
1730.1201598453192,1,3,17,2.7313705528456413,419009.6400528979
1610.8476372988437,3,2,8,16.27479245428336,351785.0967158656
1510.813611192484,1,3,22,8.23772255916292,347071.51630302466
1148.7081978810797,2,2,0,2.531606359255136,321787.25539581233
2236.2987412065213,5,3,26,4.213835228496669,574863.5069059737
2491.345491972757,5,1,5,0.4078847663440093,572814.0635934719
1079.5628843341774,1,3,27,1.1966828041257074,322174.5339479061
1687.5907111521606,3,1,16,3.9140262742149923,358515.988112
2013.0455251054168,2,3,39,8.94562256549711,424052.1651762782
2258.8295102345614,3,3,2,0.668165045144493,559406.7661542286
2093.383382238539,2,1,38,4.068877855139496,399370.6948689889
1622.3085338233386,3,1,11,14.629040159748975,314111.1817721721
1296.6694515758888,1,3,45,1.979619603634866,338434.70997865696
1538.3833769445478,3,1,21,4.665777266000575,337242.8233422148
1324.1576971918332,2,1,22,13.328446196241753,235226.28527812433
2526.82089830392,2,3,4,27.00021219579844,441480.41835138766
1525.3005555840284,3,1,8,0.11413575713968774,379640.4998314805
3316.1910324186956,4,3,20,0.5987519120820737,733882.0335014033
2246.6589504404446,3,1,10,4.701223804557452,473473.96294626174
2350.1549397044955,2,2,26,1.3669967101731515,470014.7044065283
2061.0049073226805,3,2,1,0.2901685043589791,493966.72985531506
3280.0422691343974,3,3,23,2.3052800746851463,700120.381230635
2574.6366631428377,1,1,32,4.108866539615062,437452.8150317513
1648.4117874370563,1,3,38,6.521086899174731,362761.9803546651
1686.5164711061163,1,3,36,4.4019090070512,365483.0558032986
2906.2242789984643,1,2,27,3.9661206239689877,529644.5982354678
2486.277224813365,5,2,1,0.6350303420505166,595206.5158250829
1214.8876400547717,2,3,40,3.467715649915719,327223.4543823525
1636.4314120875656,3,2,26,9.176762452057565,360857.1953278035
1876.2406822242476,5,3,34,6.0414663219068965,490389.48146128823
2310.336048775339,5,2,38,2.1614250177373515,509572.50609151257
2088.8505004666267,2,3,36,2.5930604794636327,462902.4643969698
1332.3278206449495,3,3,20,2.5017524501819777,389272.9932085642
2190.0989255029817,3,3,4,1.0651814139098732,554096.5726621427
2305.2928726419113,4,2,44,0.3158527962202368,512794.6964112606
2279.89522396552,2,3,20,4.469174959842306,502656.9250199609
2540.3903627773107,4,1,28,22.648775501955228,439021.0928264945
1964.9171442706765,3,1,19,7.560006380798195,393333.05081041617
1169.5195332420044,5,2,49,1.4556801972355082,369151.5774517654
2214.809109566293,4,1,24,8.849318856517206,446820.26278850966
1361.6257120898454,3,2,25,2.629080743038325,355599.3493276813
1459.4717297958687,2,2,5,5.42310077542759,370557.796926703
1980.2224230716724,5,2,2,4.979223071264422,520833.1701167665
2014.8780697478726,3,2,4,3.545340400828051,462526.99244521477
2469.141902987999,4,2,12,3.7600738745406885,563668.9981005416
2048.0603884704915,1,3,11,6.649961567607515,451174.49328128895
1768.8623556474788,3,1,47,5.45012072200989,340823.8258336737
1782.7518862838422,2,3,24,0.6017340089733548,439351.9458068395
1845.4139382656804,1,3,34,6.375845698710735,400094.06439374195
2627.8780627867604,5,2,4,12.620583104740755,586594.7028992248
1552.696348890248,5,2,33,0.2836803477969453,443045.7560200021
1906.5641779193204,1,3,21,8.591845096319592,395330.8462240421
2723.4889421768667,4,2,12,2.2877643191540553,608149.3066151786
2098.277388255787,5,1,46,3.9077063902928404,446923.0126775424
2515.9222697343175,2,1,2,0.8014353369979812,504102.8710798102
2133.5251329346293,5,1,30,0.04194900164208162,511785.9200801371
2041.141994637712,3,1,23,4.346997918157326,414858.8215733173
1741.3557749498138,4,1,32,12.423119610431188,349328.83693162975
2704.67372009279,5,1,7,6.112324536560376,566756.9694559434
3149.449061809625,1,2,23,5.570344701958334,564980.9063679262
1777.248739299614,4,1,19,0.006426255541380144,434077.2599209287
2726.6922385588505,4,2,15,0.6400718186196079,610918.8196905314
2789.7860728653563,3,2,49,3.823801818434825,560429.795340147
1789.9065914520713,1,3,12,2.701686572364474,411135.48071030376
1859.1076955697463,5,1,44,6.559256725311194,397185.7788299402
1497.929616623966,4,2,24,1.0660666662369875,429569.7598945149
1616.1012174479358,1,1,45,9.162851795423052,263843.6524410197
2775.2502464070385,4,2,47,0.625306819020371,587245.2445081444
2492.161199238292,1,1,43,1.1748581018831248,459915.64320355357
1893.0055778872456,2,3,8,0.05924904384585421,485443.2939412721
1975.2681451737835,2,1,39,29.805528487189843,245197.03475288043
1438.6389892188508,1,1,22,5.513394518437611,282763.4930359774
2083.226104106528,5,1,12,4.340224200388668,482968.225446479
2246.2256320040747,1,1,31,11.718857980872519,362861.29180160124
2144.5843219539092,3,1,49,1.9296446949884725,426592.33389232616
3227.650069955447,5,1,14,5.547162726056704,644951.5334976994
1681.130007874342,3,2,35,1.0406810643089421,420037.298352302
1734.5015224990912,1,1,48,4.901418991912105,300370.2952481043
1688.429736787618,5,2,4,2.0507580015199642,490733.27605396434
2710.2521239949274,3,2,9,11.60966062018183,541950.9420998164
1714.6268531252617,1,2,23,2.5307402892492514,359863.393308516
1583.8222134478856,1,2,17,1.4070376927066495,359036.0311503155
2101.46151042565,4,3,3,17.740357579350032,465554.39713439904
1242.127942501384,5,2,25,2.8815665912206327,379954.09755423834
2773.752600665031,1,1,4,9.867608311476017,484830.620627792
2897.9388365477607,5,2,15,4.171976479652153,650401.0724877624
1693.6056547578069,2,3,34,0.8553395766753326,411313.65185636864
1806.1492200320079,5,1,25,5.865969236814392,432186.4751436268
2142.9326953624523,4,3,17,3.6019187268123747,554951.1626079584
2329.2721363364153,1,1,22,11.02218619651678,406218.49967428355
3005.1022693831746,1,1,13,2.9029740777011366,517369.5711470488
1911.5263862529753,3,2,14,11.572156071090117,416259.2130060785
1600.851377730773,2,3,48,6.944870026441155,373148.6316805265
1983.4365135631015,2,1,20,1.969519479969872,399992.5278723099
2897.278931758894,4,2,16,20.551546538152877,539925.2739338089
2594.196636724042,1,2,13,4.881722406708588,487335.7380876892
3263.4662129368107,2,2,28,0.2899111184453993,627972.3031454551
1734.5656135398397,4,3,19,0.12087021586429013,486921.69585396803
1755.280278740889,3,2,29,2.989405367977729,410788.40353682416
2522.080438534536,3,2,18,2.022504213502619,554551.0773630239
2340.9457448131557,4,1,38,2.8839245065733046,484716.91450412205
2291.964092662982,5,2,17,0.8999279181827367,569076.5037984648
1820.3539546064703,1,2,22,5.842117139979908,367392.34898340376
2410.241090598682,3,1,38,1.9252943905249467,473376.9396288255
2533.337344794577,2,3,17,0.3748535963784158,567176.1549464257
2584.6477952228365,2,1,8,0.797634751240932,503400.1776821823
1916.4409598415727,2,3,16,6.979890148535594,442247.07355682575
2073.356843216661,2,2,18,6.998173381372962,439007.1766778039
2603.2544832541785,3,3,26,6.2996363655702945,550642.3100734743
2184.3366544364508,1,3,34,3.2407917843438243,458775.826169778
2014.3724114674087,5,2,33,0.19558367769317236,505499.39610778925
2639.2259313036493,5,2,19,4.857226074495917,591335.0829644443
2095.5495340099515,1,2,24,7.522635864131529,390387.3065706672
2023.2182740780745,5,3,3,3.4693207914792286,564903.6946977036
1320.0719295100403,5,3,9,2.2120460353088345,456471.59201958776
2322.7420905705376,2,2,23,5.147325847658848,473616.7884820694
3081.62736165273,1,3,20,5.901300897531497,608609.4061927187
1846.1108825234996,5,2,10,10.238458711502833,475824.06831064395
2788.7266398817374,1,1,25,4.120333640138615,481067.49686104665
1952.352233806524,3,2,29,10.720924021142206,406677.4017229294
2139.5107628851697,2,1,48,3.751891484813996,385498.441340729
2093.304561578179,5,3,6,4.3122936557621365,567828.8791482516
2097.0449964491536,1,1,34,16.718013149189325,298709.94820919033
1486.7423502944698,3,2,39,0.2745760828693394,379796.3110571738
1649.9395925304134,3,3,34,3.77378996364228,432482.46640976635
1238.4065476081128,3,2,20,3.292990674850875,346910.6141839492
1720.5390763642058,5,3,49,0.4916897838327784,495488.3396329861
2188.60593753226,5,3,42,7.307016166744829,540492.4867172819
1967.124869463506,2,3,47,1.8676765761821783,441695.2729494976
1722.4002366534007,4,2,16,1.8281405583408823,454979.84071732714
2940.578534720295,1,1,31,9.095901462861123,464016.94023032696
1275.993049791878,4,2,40,0.37554298166293515,367737.8418459364
2220.007225026666,1,1,23,1.4830200400560254,418499.16913648206
1748.9728878236945,5,3,26,4.494523097197393,491383.7941297671
2354.1782236496765,1,3,24,5.667921226890091,473191.0026242624
2121.9003568855996,3,2,1,2.6758461344921827,505385.9197993209
1717.9606846316358,4,3,8,5.848407786432919,474735.2249871028
1359.8478006645528,3,1,27,2.10781724159596,323896.2045516927
2436.2286641400724,1,3,37,1.6235177152515854,496984.7541367402
2325.1005889793305,5,3,2,28.543891567537965,483466.294470557
1950.4120681103086,3,2,19,6.94730146057002,429699.7550120361
2923.318498023833,3,2,5,5.174245021676578,608688.9209858987
1464.9576168369238,2,1,38,2.194770611492123,302128.70304518525
1237.2374145376307,1,2,32,0.2520517328459823,311998.6683338667
1654.0459650593777,5,3,0,0.15774682206370344,540814.6952189757
1977.206991822251,3,2,36,4.039214059587283,427172.6789435352
1879.381971071835,5,3,44,3.854237731439433,492642.69543408
2176.0276982571486,1,1,33,9.187501203706232,354457.7908675804
2721.88230203663,3,2,14,2.2844663455222474,575026.8723643149
1958.9244108037155,2,1,44,1.3529475387595324,381392.08411672374
2171.362673188852,1,2,13,0.3756461229332233,446609.0449842183
2223.8542800086575,4,2,30,12.77500048594868,451542.17252279905
2098.260584850735,5,2,28,4.037836200750685,530471.7600185988
1955.1321528563867,2,1,31,0.026816728771513792,384090.022252381
1661.8038489703652,5,2,13,11.66783316902103,418704.5463587414
1979.9210246778282,5,3,35,0.5053257239967308,547384.9495236824
1284.6124489409758,3,3,47,2.7632111121942655,369339.3828328885
2064.0522074553946,2,3,23,13.566236372587614,413133.4037676933
2420.321774494362,3,2,26,3.748126980107637,527371.6035475754
1673.6880103488045,3,3,24,0.7606659384152908,470774.959571562
1776.9082833926102,3,2,31,0.0039491146062026776,456908.9047360965
1773.8468403754616,4,1,45,0.4582445486289959,429800.62407010305
788.0603366855216,3,1,17,5.023558492096974,232828.5468099285
2212.7287808924825,2,1,34,0.40984008997181653,434535.84315918514
1516.5119284353934,3,3,7,4.628614675842824,415174.05189409916
1976.1443219290102,3,1,19,0.8952249786579027,430746.29486209864
1420.8176554037286,2,1,21,1.7921774267270636,317636.15090413275
2751.6991508835754,1,1,18,3.112427926346777,490497.0182391455
2013.4429194972654,4,2,34,6.766964373321207,438934.7982821458
2104.1914039737762,2,2,42,1.8022699537258602,440001.60360627493
979.1325657878547,5,1,10,5.4290508319751565,317254.7131409278
1659.0078760011006,4,3,48,5.825646375692251,436486.49822347425
2898.843263424761,2,3,35,1.41981879470374,579899.51531563
1714.4105051086017,5,3,22,1.519294435438542,519820.15232564835
2286.291390678079,2,1,18,10.673389055687084,405465.9951748698
2699.677718293001,4,3,11,11.119803633761919,581008.3095694066
2462.3168414563843,1,3,14,1.0935253001724756,525406.1534874906
2196.742692710875,4,2,36,6.246973503689955,471463.60412206594
2447.596610013866,5,2,14,5.385573828625083,581460.4619138822
2317.585900840985,3,3,28,4.900156782500574,524481.9888857118
2524.7763576596676,4,3,49,1.6601964290493902,577203.9123987723
2658.697032817163,4,2,25,0.5431968968627479,598207.5253909933
3037.630436312633,2,1,1,3.5047758868434196,575206.9815536917
2098.9553917313237,5,2,3,1.9610534018342696,552032.4515022513
1674.2909981927758,2,2,21,2.033944949716506,386861.62195874564
1758.0570829728392,4,1,49,0.1303977196302097,399077.1300515362
1839.8263459028399,2,1,37,2.0855219588895038,361016.5084260847
2261.41774401775,5,3,25,11.3796425756108,530966.8139112383
1713.1499980307105,2,1,10,3.6513210227124233,368023.9415508237
3071.135179305932,2,2,1,0.15654845707071582,639674.9390200269
2863.7715850503555,5,3,7,10.568274506449317,638149.7297335173
2218.161834837016,5,2,28,0.06547793775704172,561272.157731595
2306.7589863652083,1,1,17,2.092253993870864,420205.1313024215
1488.6037174007972,5,3,49,12.899501098208294,391100.8756784562
2199.6115613026395,4,1,34,3.9806916879343563,466641.22415057255
2786.9933816450166,3,3,10,5.281558624441863,624170.168944101
1387.1171684988294,1,2,43,6.49382086984632,275851.1419335641
2112.225909279986,2,3,2,13.811483741124071,430340.4919879116
2523.5491513060774,2,1,38,0.8987764966129975,493318.6457529712
2841.9638457289343,4,3,13,1.3301276159600697,675419.0952212497
2539.3404167156477,2,1,10,0.1927693877584315,486771.6566534783
2326.16143920671,3,3,9,0.6125395346642849,570652.5850499504
1211.8039215078752,3,2,42,0.5657945611742246,323270.04202869226
2738.270174862948,5,1,14,6.355194232242425,585290.150025766
2690.0456770737255,1,3,18,9.64025610754463,524725.9838579557
1687.2186492452352,5,2,47,1.484975182355447,452646.55032732186
2197.9017667187045,4,3,21,0.1056560602806278,563238.5759204277
2247.0150931413696,5,2,20,1.2621539459054631,542702.637736812
1664.1883160309742,3,3,49,2.823841244134781,403707.32040510094
1987.2229645042773,4,3,22,1.3062937894262943,537006.0538285783
2586.3645096296823,2,3,12,3.6277927864428436,582154.0438376481
2271.8000772972164,5,3,4,1.4617564699831587,609081.2791983021
1814.692833956947,4,1,3,14.112030361567943,403532.1464822631
575.7286896849623,2,1,13,4.182849283882749,183940.55290174767
2574.3828501860517,5,1,7,2.1880616251350573,572409.759775824
1130.1431106109503,4,1,8,2.3994366184364564,349603.9865602486
2580.4133936892595,1,2,17,9.715119718486374,462246.3738796557
1766.1493993440542,5,3,32,14.420488141110827,450309.9370728562
2238.520413611561,3,3,16,0.4994140443591887,557715.6274716689
2038.4109455301277,5,1,42,1.1186501648445397,482882.5414562955
2498.13340972357,2,1,33,1.1546358001602224,464915.5332748823
1753.1217084193438,1,2,5,10.460020234322371,345964.77271290164
1785.9424195170436,5,3,13,3.040913683115453,522642.98658483475
2750.3798953171554,5,2,2,4.653206559001619,623191.3945614775
2425.1108710567464,2,3,11,5.886068684889091,534996.426868648
1825.3711478407856,3,2,11,10.166572458446053,391168.8577690335
2190.9677261157767,3,2,1,0.3480401285563678,520233.84220366826
2119.3945795132568,3,2,28,4.766602471446215,453331.54889934027
1870.4789270896486,5,3,16,8.923793769473855,501985.172926541
1964.199370292968,5,3,6,0.630434176000575,568469.1893364745
2025.9729429036497,5,1,13,5.986483553865936,470739.8127880707
2366.3200386077897,3,3,43,7.809430762942224,517997.855013013
2039.3175951580454,5,3,16,3.422462908215306,546268.8670288869
1000.8996577339461,5,1,31,2.7332909210782033,335824.19947550906
2173.244237948996,3,3,5,1.315589377605886,536716.0830581436
2499.005054929826,4,2,23,0.7330606107905774,583410.9794939875
551.8723109031553,3,2,5,1.0950639622354132,286444.61772050307
3044.1873523903637,3,2,26,0.2846107290437292,623900.8426761673
1930.2051859224132,5,3,17,1.1040485206746449,542371.2475277738
2554.0914083687585,3,2,23,0.046217436637781814,553294.8217960596
1480.0470364372345,3,3,36,4.934349312543481,397918.9372935156
2306.386952531285,4,1,23,1.9017317661905873,510220.1408646653
2957.015676933393,2,3,39,2.1219291848239608,612741.3834145555
1904.6587996183266,1,2,46,2.214597947241836,370744.19083568774
2435.033865344377,3,2,10,9.138216913305165,501910.55430827895
2247.840943986302,2,1,21,0.16258734365268104,454333.4987313862
2075.209452571788,3,3,23,14.082062314915525,446825.0442757667
3201.7077926191378,5,1,17,3.834204519712299,650608.9152904877
1971.1906014832073,5,1,43,3.9218798270213013,455457.0827117032
2100.549523357484,5,3,11,5.303374343245907,550814.3346337398
2525.327198003806,2,1,42,2.447359659561792,452743.7593112934
2593.51515278019,1,1,39,0.22900721486151393,467889.5115172941
1428.4975436347581,5,2,22,3.0553519731613243,416791.0880146435
1426.827303490656,3,1,33,10.93814760249315,277576.23368562234
1967.9308267035037,2,2,41,1.178911279696275,407776.2669275091
2164.3812051517402,5,1,34,2.505066681426538,488683.6543362855
2160.6786077251363,3,2,28,1.9033925106088423,466615.3036129248
2806.8556345293237,4,1,27,0.8155101919082237,571128.8642799874
1386.1960924315038,5,2,23,9.444687275766888,400993.9675571695
1851.218248320004,3,1,44,1.489979711359972,385461.0850753345
1924.9722064837367,4,3,3,4.302156660229775,517371.23762840556
2062.7882267357713,2,1,26,1.2496686886476627,410481.9585232628
1913.464087858065,4,2,35,1.5675282647530253,450900.0625849637
1451.8624565523992,2,1,32,0.22574819560733195,328430.6466472345
2797.252531612486,1,2,33,0.698331893067655,522300.26226005226
1504.3038252718463,3,1,7,2.5107775632893246,354180.31275194354
923.3049431981426,5,2,38,3.3884973981575217,329325.8316147677
1338.4551032962509,3,1,25,2.662895875896607,311608.21646534844
2821.0075800681843,2,2,36,3.855476082747358,533971.0024227047
1655.924827411138,5,1,6,0.011751167519305772,447374.4715757365
3126.217902672154,4,3,39,1.4038624799288637,682209.9471872546
2490.882743495797,5,2,27,5.706290553611481,563829.0939914198
1837.5843082456888,1,3,38,0.6463589217349437,411751.55190932023
750.2971425632134,3,3,38,0.6038484747071202,303211.12112608267
3145.471286295371,1,3,27,2.6463110908556375,602455.8566706871
3219.8762031696365,1,3,3,0.41467021605790716,667079.7411771651
2692.136409255259,4,3,41,14.100249700673803,539200.0378955001
2297.377170832643,4,3,43,9.598413005947029,519340.2890911241
2426.707779390154,2,3,47,9.956840161732604,480748.6783584773
2140.595711984688,5,2,6,0.9246263575109331,552127.1277865727
2052.100551975938,2,1,37,8.624284764176501,371421.5019711454
1968.703436050239,4,2,27,7.332114145921434,457859.78143402934
1623.0177055666618,2,2,4,4.5406579185108145,381053.4032048379
1859.662461566613,1,2,2,2.0564253199856806,404345.2165090912
1153.5215929023072,3,1,43,1.5225042881915676,263326.5741355158
1950.830186602625,3,2,30,0.6499125558324793,455793.80303097365
1505.7044464245414,4,1,46,3.564271144508582,346272.55518500716
1448.2053413921144,4,3,41,4.400527860497482,419693.9933551241
2696.0011431722996,4,1,18,3.2252059441142733,567564.16452073
2459.1583030011566,2,2,47,2.2589678754925897,474155.25541783264
1214.7496981884115,5,3,10,5.122248816979091,437085.0866814536
1505.1859317148312,5,1,39,11.57628561528927,334024.4394160807
2470.385593994108,2,1,2,0.895156450596143,506244.74924073723
2275.026049512276,2,3,22,4.903396593366631,481455.312807955
2052.68775307298,2,1,45,13.434825262166065,334785.281733987
1332.9872525408978,3,3,33,1.634692619961044,383975.8125662459
1699.3161780243931,4,2,41,14.999826688249271,349222.36769618496
1990.1811005366594,2,3,17,11.21094073308942,430858.3784876318
2276.244977208574,1,2,40,3.773082026134185,451858.5608053339
2111.9570670323305,4,2,47,5.533449385049943,472751.6062544625
2682.070214986922,4,1,44,8.906291774492635,509487.9207842157
1785.2972294373735,5,2,24,0.1967797335629305,489344.23620450665
2061.148751516142,3,1,13,10.554914751545612,381326.6390416578
2271.649014518194,3,1,43,1.8911948365422837,442037.0673025406
2024.4300351628522,5,1,24,0.6904454324767774,481785.5495525504
2020.2958456019412,1,2,18,3.159895763484491,396974.6522131107
1649.0041560966224,3,2,38,4.560324313451276,370887.6653445032
1668.549541224526,3,2,14,0.15730165263127857,412249.78842683026
1298.6973641001532,4,1,15,1.6071985741875232,356415.5983223753
2874.7883715934695,5,3,26,0.16674924847447964,691926.4314282488
1653.5474011020465,1,3,9,11.273740203325946,366484.1248877541
1640.7963672154012,1,1,3,20.27150886616613,242887.7510364918
2447.4621884722205,5,2,18,5.067417273430605,550985.3559666434
1852.525160853986,4,3,27,0.8815246280784559,485288.0571040864
2623.871036336867,4,2,20,11.814297724348775,522820.1520541576
1663.2546878780659,5,2,46,3.6309126740171678,422146.06156654685
2139.497081111901,4,2,13,0.8346982093953823,522279.5753036179
1582.3264733701212,1,3,32,12.737741700142793,312318.4632223951
3072.5745638866942,1,1,47,7.08312975431989,491592.9539598901
1406.2007904852435,2,2,9,6.578345870424483,336898.841795315
2154.9103551135136,5,1,18,6.175265899670636,484457.363778757
2316.8884404660494,3,1,29,1.1178420896390073,483447.27749083267
2206.899548725749,3,3,21,1.1849871971192307,523238.4946763316
1907.356170561146,2,3,2,5.82845814962123,463817.96005147026
1935.089650133287,2,1,36,1.2405298693948252,382932.08618198475
2021.9057359895548,4,2,40,2.887246669693436,465777.77552476665
1721.2541074960832,4,2,1,7.855653906273038,436231.90570226137
1955.8589758243727,2,2,5,5.317805384146778,429275.0647443794
3289.854668827159,4,1,42,1.2966125165900244,635383.9611333094
1598.1627160151347,5,1,39,1.6011074535768242,405309.02204882144
1723.2058791460026,5,2,29,1.5952419294966105,465376.8741610271
2284.4915395926378,1,2,1,1.175569709046326,472427.36775035906
2814.198311564269,4,1,8,3.0378643849081133,589505.0567433198
1810.4361295062565,3,2,46,11.953670013039552,345900.7686118729
1492.6216346535666,2,3,32,5.812283324510085,361069.2228046283
2017.0417341296131,4,3,43,4.202116745562906,503535.3665173105
1615.013384470679,5,1,7,2.2606261910020944,433716.85548913246
2116.8929558953737,5,2,36,7.063984013970562,496995.7935371411
2416.7644808044624,2,2,5,0.2026060715679061,521354.3556054228
1003.1321787142723,4,3,43,9.144442630510808,321051.62707813294
2187.028284923786,2,3,39,2.972583930425745,474177.6327410554
2613.8344962366464,2,2,44,5.062534181943613,488116.1007276608
1395.1794906543973,3,2,18,1.2502478415255556,366025.45325336716
2836.286193418852,4,3,31,5.651655971843924,629716.7107377952
2209.5095046830224,5,2,26,7.3973202367320345,509884.22817674343
1647.4940721207956,2,1,0,3.2047967073859445,367777.49395582185
1972.115461171147,3,2,42,4.808100336441001,415234.2323496782
2279.163456260861,4,2,32,3.0470266817331297,518655.04164864455
2084.680412018039,2,3,16,8.08110579032579,468580.4762633334
1293.1427515475098,1,2,7,2.6424436887307055,318556.26806414773
1944.38696932565,2,2,41,1.3073724992009117,397834.34797284444
1548.046179267605,5,1,33,2.6050711974117826,423749.3307747664
1632.2350287051167,2,3,8,8.749750234202317,414168.18279192876
2618.0465876052185,1,3,22,1.2914742616667565,550906.4116984966
2545.6550602971347,5,3,34,3.7162726907457038,602328.8884904044
1841.7957751525992,3,1,14,5.139040211595745,408215.95684380986
2606.548849989592,4,3,19,1.4093720086588948,622353.4676897798
2070.858456819952,1,1,49,0.5786226593451504,361512.46470309293
3159.664769990847,2,3,24,7.908730110711854,611069.7853085052
2196.658919697186,5,3,2,0.5210759889723601,615221.0897664834
2096.0245582450157,1,1,45,1.5830242978489664,386227.58838354953
1845.4417678987493,1,3,23,9.65888227953292,399599.81714640284
2066.770452391141,4,3,33,2.126828747189617,528354.6947979034
2354.054338344295,3,2,21,19.494135965414326,399778.82378820947
2478.3511583972922,5,1,10,1.5617595662731285,566681.1143828636
1334.3835232211109,5,1,7,6.104972341928541,373922.0877800943
923.5547035237585,3,3,48,0.15835594071890102,325564.9776750412
2419.245387225821,2,2,36,0.9659356574647305,488280.2143877658
2040.9146792737824,4,1,26,16.127785284884624,383845.7740243701
2459.5382414938845,1,1,39,8.08159605838844,400514.8108857635
2133.6961570359513,5,2,31,2.049721078037022,529734.8621874864
2160.8489030980068,1,2,14,1.3360258579604438,467582.2980133118
2496.0211747682615,5,3,16,4.012899142017238,619072.358937509
1912.5201216522958,3,3,32,4.995303450047908,424560.8082292847
1622.1274202535776,5,2,46,1.4860937046330227,446281.5140699296
2268.254921785202,1,3,45,14.845849090365855,396031.4091016455
1550.7660091044813,4,2,15,0.9301932724919808,425581.2036940251
1995.4405016778983,4,2,8,0.07483789978357516,506827.71013934235
2237.3491164399766,1,2,48,2.0275843331122867,408099.97130802035
1987.486520627428,5,2,28,2.9812223832073412,490289.6268713433
2695.103774508657,4,2,20,2.859864247151016,595704.3867446822
2005.1763099216903,3,1,4,6.597356297124191,416540.0156713361
1344.0818838249202,4,1,9,5.789841711478136,339651.9482272725
1467.4431684623137,3,3,5,8.956936153662442,395665.0148591102
1847.3876478226662,5,2,12,1.438136911333219,505127.00922182057
1906.514348507277,5,3,19,4.3997311566443225,506118.88096814195
2028.3249624485536,1,1,46,2.308096864773292,354675.05505895265
1964.7506109704543,2,2,7,1.8828006315827548,433079.2392128664
2243.250821913101,3,1,9,0.7648492058910128,492570.3321018507
2032.2372074050602,3,2,8,1.2027280294355398,490838.65656870964
1012.2667168230644,4,2,48,0.5575281602411379,325192.2462621975
1927.9562221391923,3,2,2,5.404756723183329,450750.80158799293
1395.1526285794462,5,1,10,15.03966921228232,330089.3821474789
2299.964364998102,5,2,11,6.540714840839524,566424.5622261761
2765.375416171849,4,1,9,0.26724565507223536,587198.8372886416
1893.278564534896,1,2,48,9.927030431620803,331415.41498923604
2745.363068424976,5,1,48,2.928826433276148,542135.4125054101
2074.3337286010556,2,2,24,4.4077928201571135,416277.34674991417
1831.4570144409804,4,2,10,18.664853198210917,386061.07260505535
1693.29866822953,4,2,35,3.799687723683861,429724.45667069784
1848.7651567559358,5,1,38,11.786359028174376,397644.1913996275
2085.2081111877437,2,3,13,1.0601023928785767,490388.6985856866
2080.286990524932,2,3,38,2.9058375903162315,479398.19217710046
2218.469084873175,4,3,0,8.470293070364205,547379.2927266129
723.0394325490226,4,3,34,8.076563257237442,282578.094302413
1887.6172990536581,5,1,37,3.414286087648706,435388.2292179065
1414.9434869703202,1,1,42,6.779994598574826,277451.73197979556
1099.0097812099903,2,2,22,7.357339766307602,282296.300625496
2270.731364102394,2,1,3,3.4619214781409595,451529.52691317094
2379.5775801513237,3,2,15,1.8207607875606309,518104.64299217344
1711.7447996366402,5,2,6,18.199033704277433,387446.59809641755
704.4788539275451,3,2,21,5.443744624167853,243009.47567407193
2195.9020027012734,3,2,10,1.6457382048613476,519304.2017874236
1260.5442156129357,5,1,32,6.5671340456267355,344578.2087442372
2091.6799598895777,5,2,28,1.3865696764311988,525929.4132439613
2289.6457498005443,4,3,11,3.773346094893144,571056.2507871778
1513.4655295592222,5,3,38,4.9564878749670385,460065.8044870308
2598.285750832246,2,1,41,0.6274684788568368,478862.8274120873
1920.735213486515,2,1,47,5.320200825606211,348713.9915618279
1778.358874404245,2,2,8,0.6787324073264738,433065.29890487896
2735.585163746804,5,2,24,17.685895117032974,538006.5470490085
1895.338161424067,1,2,23,2.3388758468120914,391027.1156412717
1665.4636306700418,3,2,43,5.720045730248468,362866.903301628
2519.952343698038,4,1,16,0.3282195121597226,548834.0621065962
1697.192230131568,1,3,1,2.522953397590112,443622.7552806053
2913.004856773468,4,2,12,16.595920786641003,569169.7520045963
2338.9629356696346,2,2,30,3.871578748765201,463525.33155339584
1756.0442959271486,4,3,28,1.6975407249992245,492379.51448676805
1697.1425384983309,4,1,27,6.079018237562055,394837.1216136265
2371.0476860046533,1,2,26,5.176160301193583,456206.91234352114
2650.8706446993992,4,1,30,15.073693979444274,468013.21994727454
2780.7555983634265,1,2,39,0.11226502847869675,531251.0566797799
2229.9860714695583,3,3,19,1.9351953623353222,529985.7330495772
3006.6936237633117,2,1,11,3.8202136971658236,555088.9397387867
1817.3392243439457,4,3,8,0.5443152166438283,524293.8130671153
1326.4368552351516,5,2,7,7.92550440506059,405466.0553006114
1514.1929807446743,1,1,31,0.999884020783785,310593.97627631354
2600.2069539722124,1,2,47,6.224112211387216,475094.36837503035
1476.5445086590303,4,2,26,2.5732870959337415,400890.6285459086
2498.023842902908,3,2,44,2.7290719077220587,505411.6073880996
1289.0946666290781,3,2,36,2.3605237108317034,348220.79025430646
2750.6668259777434,1,3,47,2.256412825032316,541669.4382129828
1838.6600805789321,1,1,42,0.26842110747314246,329338.43162434397
1874.5834917724762,2,3,4,5.784470051316598,470873.6040438642
2664.097070924529,5,3,12,2.8654063598325563,647381.5483579654
1678.2408848099285,5,2,34,3.331471131446317,448308.5694130401
2028.5065624485424,3,1,38,5.081836242885043,408824.68635839946
2134.2961394316285,1,1,6,1.6994553212316843,422731.90626607597
2253.9178781448118,3,3,31,6.556206324886139,512049.75426711794
2269.1480395248163,3,3,2,0.20580421649504535,559741.1498802468
2536.253668654901,3,2,44,0.49782267445487477,524408.5050068464
1580.3951663304967,5,2,36,0.829937551997273,429714.23946636694
1016.8217053119992,2,2,21,27.366173348935433,179812.12656850036
3028.103564970161,3,2,7,1.7040780668816438,634301.1452340148
1448.3958171391585,4,1,16,0.8082906925953148,397535.72614781064
1889.373188207114,3,2,26,1.378742857110021,444037.7653412463
1861.5933500555398,1,1,32,13.754180891445289,286225.96590996126
2153.7033489045502,3,2,45,3.6715151438531675,455218.4647362283
2407.8686062696484,4,3,16,2.2692192930234167,587683.5006836419
2430.236744179873,2,1,41,10.333276492386647,404886.8852393801
1916.4391431067943,3,2,47,2.0399056278187637,426649.29208347126
2141.28997524415,4,2,45,1.1614419569062113,496949.1897447338
2803.672788009996,2,1,47,1.9039919135345067,502606.66533149197
2331.4406343337064,4,1,41,4.304277126144055,473565.17675002356
1351.5840260220766,4,2,49,2.616222698075969,360508.611391318
2199.8439758763207,2,1,19,13.819076916568157,400679.3562541175
1674.3215531040855,1,2,15,2.3680665673454526,357054.7497432976
2293.182009377547,4,2,15,1.4724407226616776,544676.729834136
2619.141535716818,4,3,18,0.679290921662971,623007.424123621
2010.6357883680307,3,3,7,0.3015990293129577,525998.7779342695
2154.416506299482,2,2,37,1.8221928620472216,452429.84968003485
2120.376589744284,3,2,28,0.9558657723554491,466393.60816349584
2282.754822815772,4,1,35,0.07982416710420037,495963.563185972
1119.6186204220912,1,2,25,4.080079546816665,274639.3882389252
2190.579192441389,2,1,43,3.5316687108939373,411731.83808260143
2644.876377041373,1,2,11,4.137168430647967,509522.5160182891
1930.772008008113,2,2,14,1.7485594985074178,431675.1447752055
1387.850881855317,4,1,8,6.610064040008348,346667.7319558092
1895.4883713569873,4,3,38,10.250461889429513,456106.51814037503
1574.73977289535,3,1,41,1.0695666091172404,352230.4206610937
2294.2892022103047,4,2,11,11.40391284354126,492108.5846963173
2197.3357649114905,1,2,24,4.007197623179462,433803.65392585116
1402.0584689824077,2,2,38,2.227867603005749,336407.40441896825
2222.3013341100705,3,3,17,0.6722438455487219,546511.1983672522
1932.9914166635413,1,2,5,1.1344625945431872,420720.6169112521
1607.55084345888,4,1,42,7.971453662318263,346574.5928044666
1939.5259256961092,3,2,33,0.5097058806013267,448682.81300448783
1556.25391109895,5,1,4,6.065711904943017,396540.93852956546
1781.270849838295,3,3,17,7.868023444559924,432299.94912049116
2361.1906789138857,2,2,15,4.959350950740395,491839.86817991006
1813.5834239541166,3,2,7,0.8282554098549757,458021.39814334403
2112.342362875943,4,1,25,0.12365084154863877,477086.32332022977
2466.295415936545,1,3,21,2.6529964319253208,527127.7449849136
2631.292051713591,2,3,11,4.468635125986725,569761.9578096156
1724.0709270537766,2,2,27,12.221086720848968,335077.39605066134
3279.099642834126,4,1,5,7.992548522278612,620356.7094418539
2092.2756515985184,4,1,4,19.19989957060303,397762.540113825
2771.054976283938,1,2,22,0.053637305084155526,552890.0423197467
3003.0464440795613,1,2,8,4.874120286768171,559900.0997503094
3030.751788318199,2,3,28,2.6622844910440984,610587.9566585423
2604.1831152965715,3,2,15,9.82537020689442,529752.0890679938
2296.2634746005915,5,3,21,19.824347820973486,505871.285153815
2389.180538083319,1,3,7,4.755808199875369,513828.1863399573
1914.9076887375359,5,2,36,7.102435079965912,466483.99020430096
1773.3859753363624,5,1,49,0.11115913948196478,424892.8582256449
2348.193723728358,1,3,33,8.488013022828795,469246.0484617246
2477.652604285255,4,2,10,0.07023610267775612,559513.2515635409
2044.2034431459238,5,1,39,5.351856807085196,469773.5528353197
1429.1554429332475,2,3,30,4.727244300740866,359960.7372264032
1903.1702703601409,4,1,43,5.954154476886027,397327.86333101447
1641.5888396985974,1,1,33,2.096364130949795,311407.22379292693
1066.73169146347,5,1,49,0.5712352437889626,327423.95971628075
2291.048851734308,3,2,37,0.1340145643556021,496288.88858129975
1520.2803816382602,5,3,33,18.6527084919955,390471.38786972046
1813.8966119644735,4,3,48,10.339762025576105,421874.7344700812
2544.374309852093,3,1,43,1.9977486950220764,480664.9001738614
2771.6217641360945,2,1,29,9.39629377092509,474462.3917448081
1440.1912833554943,1,1,9,0.09060531471742378,308232.07067500934
2070.443123455602,4,1,34,0.3871622549821492,443239.6616043679
1115.780317218574,1,1,19,3.5707584068409592,235603.58011325356
2161.5838570923906,3,1,17,17.440214427191265,372977.38116264076
1926.1987068506658,5,2,44,5.9079515619051515,459664.302420523
1766.9817490658788,5,2,43,0.36778165250287015,459342.16392881237
1202.6484663666024,2,3,26,1.0496615010677706,360974.71265905316
1733.6495801690444,5,2,35,9.208103472515239,425392.9896300912
2886.125798334872,5,3,10,8.8167423432607,663538.4684820933
2830.629607273935,5,2,37,7.76233999694114,586453.7006754901
1698.8939698191098,3,2,40,6.166608502404392,376822.2295329226
2234.387128037512,2,2,46,1.209431818023183,441029.8007879756
2150.895949909733,4,2,35,1.122826198361632,494179.75886400876
2613.4666119421536,3,1,16,2.06054562948295,546070.6654063985
1898.1631249115171,4,3,39,3.5518623535004763,486026.74755633826
1886.7605540492366,5,3,39,0.1480229596058624,515115.36796485784
2456.792313116625,5,3,2,2.518793515606484,623780.5682841915
1598.4105246598276,5,1,17,1.7738991139896798,430636.1682346953
1989.316352825782,1,3,5,9.751392575475924,416677.9721117546
1626.3941604260883,2,1,15,3.4158139020541367,361521.6726393921
2368.4219485462168,4,2,17,1.1538237194386791,556716.5452176154
1859.3362214408933,1,3,47,2.910083736516466,387173.5726230799
2033.495358612436,4,2,42,0.33604796744704357,490450.4638380243
2397.1323398109134,1,1,11,9.983987186377353,397514.71950415504
1372.8552884153753,1,3,44,3.123544782406798,321097.53679719765
2233.2149912167633,5,3,45,8.12467797618788,523294.27962191746
1982.1792588512583,1,1,0,2.8264539334914103,387718.4506059289
2582.3696772285857,5,1,35,3.1037309093176053,541519.7539008517
1632.7042116009754,1,2,20,14.148190680315363,300569.644277945
1594.8737814928095,1,3,36,3.331281036291987,352282.94191788463
2100.2845986154716,2,3,23,3.105242224380521,501913.3981225718
2574.3186747143577,5,2,24,7.687257732776739,556297.3207431956
2346.552803631572,3,2,28,3.153287198928827,491012.8954819643
2088.2207776386126,5,1,29,17.22143831363893,426398.474570176
1816.4860804583388,5,2,6,6.991555226448245,483489.74000713177
1586.20488967564,3,1,32,8.334344861052255,328101.01099622843
2043.0719415231874,5,1,6,0.16688171786272132,500556.5987654954
1463.9304940071966,1,3,23,3.154238282729038,366079.3520153401
539.3247582526963,5,1,10,5.201072609199273,248229.07809250965
2218.279902078834,3,2,8,8.860745585256424,487105.8896828431
2451.9674205430974,4,3,11,0.25264505675110943,601587.1169168676
818.5337822290808,5,2,34,9.567564271918922,284899.9059637378
1495.1346476450312,2,1,3,3.974802604911397,331281.3815661356
2309.5771305025987,1,2,35,1.0989581923801033,441845.3806762786
3028.7477348558496,1,2,27,1.9081707950429525,569599.84625669
2010.396853837704,2,1,12,1.6559379870472246,421212.1243056219
1635.998529385433,2,3,22,3.784259945739209,420615.06920441083
2687.4382095740925,2,1,41,0.8630611768858822,502602.85096346895
1677.0179104377323,4,3,36,8.375032643041393,451756.0350626907
1600.4039966748733,3,3,38,0.7112982420315834,424343.89406997594
1523.3356958706438,2,2,15,3.0199211506982304,365976.6838271988
2061.335157997398,4,2,32,3.63994471302622,466358.8338597713
2812.3392292347803,1,2,11,7.2113716222096444,516978.74559267337
2161.5396365580145,1,3,33,2.9649929571236284,466061.33127940516
1873.823248936856,5,2,6,7.800016471171269,473352.6864647088
2441.5548885735793,3,2,28,0.8499778051520457,529011.5319993445
1961.081401493599,4,3,12,2.8726777787232525,528183.9751155839
1909.7600432046872,3,2,30,2.5282733568136107,441013.36561013176
3596.5537839224307,1,1,1,6.803996102227103,618881.0732237796
2149.376454182843,3,3,38,4.346286022218027,488692.96998909046
1786.8212018972283,4,3,10,0.9362300106838194,499799.6932759766
2574.222854598377,4,3,33,1.2863275910884153,613569.9749671218
1280.8610108413168,2,1,3,2.7533689777829196,320760.4912330979
1665.9279572305031,5,2,28,0.935730492823335,464071.22026887635
2936.6488881087726,5,3,1,5.436971021808342,687753.1972692375
2540.0240328573245,1,3,15,9.570948937858718,488790.19305289467
2640.5081808675563,2,3,12,3.3815901997765767,562447.3391358046
2426.3868375611096,3,3,16,2.02663864185642,569776.5210423319
1576.8216725045631,5,3,43,0.4726287888201146,467054.0887506728
1678.225083841269,2,1,18,4.657212238840786,337323.67147886025
2514.9804087905804,5,2,6,0.4695305829881879,600610.0892660684
1832.6123339467294,4,1,37,15.99971043893296,347315.3213537922
1798.1757683790017,3,3,7,6.287969504673017,474027.57613386953
1522.4387103253234,4,1,12,7.759615030596574,374232.31487947976
2211.7995327967305,4,3,36,6.088742285000011,526865.6419120001
1466.2335428728636,2,2,40,2.9883921674176954,350630.44008847646
2706.110277707715,5,3,23,15.713703811646988,590299.734989209
1960.1793043771424,2,2,5,3.4561069095463552,438791.51573281956
2226.185898124867,3,1,25,13.407166655800523,389345.8231691614
1906.4278674977256,5,1,18,3.030104102996323,463373.57361479016
2492.8649978399317,2,2,5,1.174105860028571,550802.8712510841
2289.816586606788,2,3,42,3.563925457469414,484645.22151614726
2097.192150788668,1,3,1,2.975433277603055,466459.7309386791
1852.2992949304853,2,3,5,3.0090693935858948,462869.18657316716
2084.2304881348073,2,2,48,0.716555586537885,439737.51222100866
2569.939280564523,5,3,29,4.227800564899125,635140.5563634173
2658.5575336699326,4,1,6,7.150286840150107,541167.2192757883
2648.4972732805545,5,2,0,1.2942540293406006,644351.5774923548
2273.3667841006895,5,1,10,21.29318664169854,439397.8833855017
1804.120925478089,2,2,12,1.1099854988796685,416431.86334545625
1538.7949077507487,1,3,36,4.430059346893535,356458.08950346604
2608.579260412748,4,1,2,16.28544353110219,491525.2562051155
2760.6580259612256,3,1,17,1.4167733835297045,553753.0157585432
2499.15544907398,3,3,40,2.9900511568946135,550073.8900901818
2201.8650451683047,3,2,30,5.1181302131069275,448910.27180744126
1987.902196804542,3,1,26,2.6715465828381086,422797.7682618153
2593.839694230782,1,1,35,2.6911299685243857,456421.0415282915
1767.6913513508034,1,1,36,0.9901776191875862,331753.3375753532
2141.643935773071,5,1,16,4.162877148006566,511602.56709043775
1870.5475131479614,3,2,21,9.783361188230993,385939.8987537224
2293.3469007376375,1,2,24,0.6248459024631622,455433.5530641802
1762.5481716887377,4,2,1,7.701112707213975,442948.0347629971
2435.648648728622,3,2,21,5.5968837301768986,524763.7597649947
2063.189789773206,3,3,3,5.9342795206600005,524638.921777266
2969.4644995291424,2,1,35,2.912926676419441,532106.4548204687
1499.8343376972125,3,1,5,14.50072752873128,306587.21942526486
2256.9539248294577,4,3,12,5.147764568383159,551785.7039887615
2089.790890969799,4,2,36,2.4061726657540596,495092.31759278546
2317.360734280885,1,1,38,16.375367405244642,334188.44977264025
2204.9093284642563,1,1,32,1.576179312837477,424675.7683081439
2336.2868506013656,2,1,35,27.135530748302656,320414.36394580075
2949.940967447608,3,2,16,1.4561953030095298,624690.6037458442
1933.6831268087133,5,1,20,2.870399687684203,452607.9500010105
2553.5403346434864,4,3,15,1.7472990061469498,591183.7275988801
1939.8094180232008,1,1,45,0.07691273349944533,348505.4894600143
1954.7333588479196,1,3,27,0.9382937419601212,439981.9498217341
2165.9901652845074,2,2,7,10.327865047112375,436148.68808034266
1782.2568147150782,2,2,24,5.250431527527485,393778.5014355212
2256.552899088041,1,1,18,5.301620768542385,410364.7855746609
1870.2266612080414,1,2,32,15.643024975021769,329914.1717463492
2307.6837420065267,4,3,14,1.424645658403203,586411.0811704043
1532.2806489777024,2,1,21,13.140986129270885,275523.85096298653
2542.991058087516,2,2,9,13.451094298030924,486159.0428148274
1732.018277442976,3,2,17,6.375311134681122,415339.8203063718
2404.0288991405723,3,3,21,7.2571161313952315,535264.2732719177
2183.6436567006704,3,2,45,0.4797081642572758,472020.4840370457
2475.153795986788,3,2,23,25.825917805680835,425885.01143469795
2855.3066862909627,3,2,2,4.055344119286653,590558.5675137319
1915.5891384049946,3,1,48,1.8997535903047715,384164.7687592024
2035.0260815565907,2,1,29,2.7625179840850644,412336.4535408432
1536.323432904713,5,3,47,1.6469360332680272,465745.7128730309
2119.1844913673926,3,2,13,17.918942532876013,411985.7547411786
2487.5988148912147,2,1,11,0.8324270303232502,495300.7366101437
2250.5470849699227,1,1,27,6.608677489387275,369389.5166490909
2094.7908082993717,4,3,43,0.002051868154581315,505916.60440139455
648.3838535003815,2,1,42,12.381300929379393,130625.40611917104
1672.962158436288,4,3,39,1.026063712477455,451785.6930826236
1084.6835515717717,5,2,48,5.27316546303886,338508.61398986535
2476.4372736014693,3,3,10,1.4531146437307154,573384.0553102683
2657.457226792024,3,3,9,12.839235797732098,570601.5461988575
2371.063745535946,4,2,42,9.360311703723482,488021.50931705185
2037.7168194507965,5,1,5,3.010352269881469,516846.5919751969
1199.0170940514158,3,3,35,2.761616125276099,348154.6837752114
1876.9687559350257,1,1,23,0.8525357978001498,371618.81575591286
1912.0570937838318,4,3,22,0.11380707084717488,527157.8698697728
2061.6024033922426,5,3,26,2.9359512605366245,539514.9004923113
2021.801223186227,2,3,36,5.697891098581616,447326.77992109925
2847.5255202153767,4,1,5,5.041440621992504,589277.4844966426
1688.675319132774,4,1,0,12.015090424156638,388551.1596579222
1339.988744389647,5,1,21,7.740511209356871,362290.5050207277
1694.1154545473573,2,1,40,3.8971800863281643,326478.3355535733
1981.481601475794,5,1,23,1.9570385342855834,482746.50652772555
1785.34888774137,4,2,24,0.7323627906570769,462051.7665860452
1653.789510063072,4,3,14,10.9268142646013,438539.640581213
1296.841268164083,5,3,25,3.1815889211956527,437519.3155665964
1958.4472136856525,5,3,7,10.523394589548648,499368.6448796228
2380.027981844801,3,3,47,5.607236930497855,512912.5554623461
2041.2198764672517,4,2,37,8.15486964255525,432866.5521883042
1845.3954614750683,3,3,34,2.537944676481306,468147.7837347815
1623.9217972047084,5,1,41,3.6039629270369162,397582.1302275621
1062.4137651771277,5,3,35,2.4561073746870647,410846.94335763034
2057.5130395737087,3,2,11,0.5029159267923369,491467.1492042893
2335.670038225233,5,2,10,0.47725068018863753,584822.5332570972
2106.5983141188444,4,3,11,5.2235926706910725,538757.1883375591
1624.0153341305904,1,1,41,2.665309118821937,298174.45960016496
1840.473032166691,4,1,49,2.601177038354912,398746.6870821604
2538.003569299299,2,2,6,0.3472527343961386,564570.5852969377
1969.6695930926896,5,3,30,8.807492661488162,490539.3669087393
1207.932028497255,3,1,40,10.679204547216772,253672.33132494544
2133.563325505742,5,2,23,3.3206680434842433,541498.5804605936
2254.362511614967,4,1,8,3.904794517037584,501743.02179976815
1209.4046489839334,4,1,30,12.568893959544752,275452.68797593465
1758.4694741582803,4,1,9,2.9724935622190927,437940.5147582845
2073.3965059927746,1,1,1,1.6038689443572098,403937.5949435176
2806.110314127712,3,3,37,2.497536545842251,600398.6040257781
2448.419657932766,3,2,14,2.453189932469742,531827.1215768409
1865.734676047084,4,1,2,1.6904358244605708,443650.43185255385
1554.4038872923563,1,2,42,1.5638344393267334,325316.63866807695
1640.4233403787898,1,1,5,0.3621111573684224,354472.10351738747
1506.4102364244081,2,2,10,0.9486650783852767,382567.4449780506
1887.5720090959608,4,3,27,1.5733731579758197,500417.93848886207
1674.9987095882702,3,3,9,7.314172590333414,437447.55749510776
2084.327335983364,5,3,37,10.814782082155324,504131.47959448793
2009.424811472424,2,3,14,7.194238094657427,464795.2462656852
2354.1072116282785,5,1,17,3.5982486387435406,531930.4754734195
2116.608065631751,2,3,17,5.554647178258048,475569.81397873006
1693.781312679781,4,3,1,2.5782698997825833,497873.18993594206
2180.751762603051,3,1,39,11.8888695601815,371347.1079669796
1428.136896339669,2,1,19,6.7413916904944635,282057.4136395176
2054.2798528882618,3,1,33,3.913624231001564,409707.32418161
1935.7312442805346,5,1,6,3.67527104301359,489598.7908984497
1059.0754772511805,3,2,37,5.326611011716413,276573.4234637593
1725.6375461295193,5,3,29,2.7095440162490196,489377.0222590324
2046.4224505705574,2,3,41,6.2614954423847555,453657.95402506035
2079.9281959987,3,3,4,9.874767213708052,489823.1764410085
1486.162429537021,4,2,10,0.8402288021477624,436873.79569875996
2632.8539204323506,2,3,0,3.0032686639110056,603806.4531960344
2484.728600263368,2,2,0,5.815190945533799,512718.5183690417
1676.8863450780984,1,3,1,5.111742382590878,386969.842532903
1403.18158412176,3,3,19,2.707554866513868,416055.2161023653
2500.291159021489,3,1,20,24.927571622522954,396108.3938873919
1664.6898954616777,5,1,23,0.5607623662869602,430440.7360915447
1932.845629264726,1,2,17,0.07556057675723699,419053.5708271839
2396.7443602761064,3,2,29,27.62330940522538,396343.10488745506
1168.7540059821629,4,3,13,9.433133707858723,375479.9605880307
2516.2731021708287,5,1,35,0.10306299067992422,551333.0151979837
1794.5928560227076,2,2,23,9.914657371587747,368342.3914048869
1447.147665757032,4,3,30,1.6666140512237162,434222.281805307
1892.5394848556323,4,3,12,5.80385973224111,505044.8814789045
2697.8419053949783,2,2,23,2.631808207174423,544568.4338913286
1718.915986710849,3,2,25,1.706772742425321,432511.03890161973
1895.389063127736,3,3,1,8.276826817756804,459237.50484402175
2482.425816548729,4,3,45,4.663526398865226,569705.9996200217
1703.767870423553,3,3,10,2.7669471833436314,470535.883075289
1986.7971215205364,1,3,34,1.6109996202856505,446866.62914191966
2140.0805794098032,2,1,42,1.5396614428601996,395585.6835575962
2212.030522232045,2,3,36,2.9814473824207672,487972.254609838
1763.080326464542,4,3,16,2.900170904922688,494758.4416843769
1992.7738645608604,4,1,38,0.47780642163552406,440772.2241303434
2273.14212400185,4,1,41,6.339957137661669,459528.7311118583
1781.8070547367156,5,1,28,1.0967141050492162,424308.35127594555
1945.1950980370846,2,3,42,2.661594118733971,437566.60228531394
1955.8185203973323,4,2,2,1.292418239561669,505493.1389049254
1870.6019686664488,1,2,41,2.3218046111923156,362308.99753386015
2799.3235852523585,5,2,13,2.9793013479086587,620277.492756773
2280.4597239706195,1,2,11,3.8519699859535157,452073.6680558142
2348.477202255368,5,2,41,0.8465427098768784,563610.1134650777
2586.5623187933206,1,2,31,2.8433658117371325,480251.90839492355
2184.821096099047,4,3,31,2.6559377190626137,527816.3084303158
1946.3489279978855,2,2,41,0.18130865772121654,424620.46025725844
2223.858462905139,3,2,31,3.445539772016837,486201.185109959
1403.0374968004721,2,2,41,6.138445277827009,300778.2398614473
2071.4715473818533,2,1,1,0.976923557345859,439562.641134617
2866.257499742546,1,3,16,1.4532532665261277,591160.2852382911
2319.0255507203788,4,3,38,14.703438719400106,492665.4055232767
2250.4222374722285,1,3,6,0.7305233725606236,510957.67690476845
1099.4711329236306,4,3,26,3.4422865212635223,377490.96090701775
1728.6631001329893,2,3,8,1.2051137591260386,456589.361179204
1606.1081240458807,1,2,21,0.30976622711593815,366249.2956143309
1689.576200874442,2,2,33,1.9689427619228979,381197.24747171527
1010.3500948121061,4,1,0,3.8149028867121477,321941.72993588663
1463.6284871300968,2,3,19,0.04642278409731189,408820.07620825
2119.623432055575,1,2,18,8.255391026684732,416034.81118354073
3037.0413348749867,3,2,35,0.9691035335973075,613153.1944355594
1540.3077042067882,4,3,39,4.659771871305962,417769.158015935
734.8562386268352,4,2,44,2.0543125878339503,284096.0648040421
1856.9978890599446,3,2,3,4.403241902655743,435948.97281289677
2550.4798174992857,2,2,8,1.8964554811635457,525128.4418405683
1385.2252027737916,2,2,21,1.261252958168237,355234.2147222205
2248.349611618261,5,3,17,1.0416353381371855,583575.6898268563
1947.0258228479322,5,2,41,5.368873312370775,463626.66987729253
1248.5148358024235,4,2,38,0.060716842284251046,377665.4297980144
2542.8931624696734,2,1,18,16.466716577679176,411071.35708330217
2048.991576735448,5,1,47,4.451541136946638,435658.96499698295
1804.1757162891045,2,3,6,4.259561421227039,453782.7056997633
1828.4038622512949,4,2,4,8.812308717018398,452827.5027704482
2310.7859449280254,4,2,15,1.9502629675562968,541219.7240973432
1815.194831978183,5,3,0,1.354153381775164,542863.7980600287
2188.5501969510933,4,1,36,1.5233518824561718,473674.64627687226
1985.3685931575108,5,2,38,3.5101429157263997,480424.39078652987
1974.3031382057568,1,1,36,3.4980320545585415,353774.1281624418
1113.4837658965594,1,2,16,0.35102014371716056,289666.855396728
2630.960750356996,5,1,25,6.429181823897218,553661.36678121
1547.1338495686905,4,3,21,8.198715779244832,442293.08320135804
1673.11683067559,4,1,7,1.7089166334594408,413474.8539074217
2687.2190465854087,3,1,1,2.7807880060353645,529740.2316580925
2528.028404533026,3,3,19,3.7267517944596804,573485.1729660203
1972.5529996918567,4,1,42,10.742873587420775,370400.8257504299
2142.7770374288284,5,1,9,3.423088402731053,488583.6233235838
2322.6077929750286,4,3,3,7.005337500969265,566611.9608617931
2277.8022330017243,1,3,36,1.2427315246896722,475534.3280657368
2044.7903406276243,5,1,3,2.4594563110109586,486156.7763951395
2296.778361140431,4,3,23,2.2000373576182692,565926.9519941865
529.8056826678599,2,2,1,1.6711029120832344,227531.612923373
2097.3680973593873,5,1,32,6.79987708672687,459359.72418245376
1990.6456217770512,3,3,18,1.4522286849527082,487048.6265314093
1805.740773455557,4,1,8,3.0272153610250103,429955.4290510405
2473.763231061429,3,2,34,20.10845800319816,428454.38375912106
1613.5611660881955,1,1,38,2.4804424548419446,299090.5966486777
2203.5261435622674,5,1,9,0.41681284341003944,518166.4869560292
1514.171632729357,3,2,0,0.47059608555655613,424991.3593521333
1310.1909176055347,1,3,41,4.467190779384265,307219.42122968676
2431.1967361913794,3,2,8,2.7129489484861735,534694.9922640554
2476.5625226880434,5,2,46,2.826793542635995,565388.1025598688
2256.5427100486463,3,3,14,0.27720723486807886,549531.2362785466
2362.5478934239986,4,3,34,3.634000819683281,573221.3297122945
2258.089143557479,3,3,4,3.5133567125214737,551097.9524564703
2215.9612723369705,1,3,21,0.5481781274956039,487470.58166810946
2400.204762613841,5,2,40,0.6595064133056627,561104.1756663807
2377.1456649067873,1,1,22,0.5325183245271045,439482.77660127217
2354.151923600532,5,3,22,1.0937825199885216,610543.8675066041
2175.7241037707913,5,1,43,1.4479538121270106,477498.59807316697
2535.075119158214,4,1,24,0.9532132714020808,526584.7905423656
1986.73937037547,3,1,26,15.830860031947967,342510.4873490995
1559.0626743861412,1,1,40,9.641934126518763,274492.92558582884
1627.5486775967754,4,1,33,1.9842587534408451,389015.78542244906
